{
  "project_info": {
    "project_number": "550963350988",
    "project_id": "supportapplication-d5635",
    "storage_bucket": "supportapplication-d5635.appspot.com"
  },
  "client": [
    {
      "client_info": {
        "mobilesdk_app_id": "1:550963350988:android:2acb778e6b941858456169",
        "android_client_info": {
          "package_name": "com.example.supportapplication"
        }
      },
      "oauth_client": [
        {
          "client_id": "550963350988-fh0qeeq54lbvvnemgh055jne1u8aps42.apps.googleusercontent.com",
          "client_type": 3
        }
      ],
      "api_key": [
        {
          "current_key": "AIzaSyA_xbZocY8IWKfYzWzJQXATEq07vMMXWwg"
        }
      ],
      "services": {
        "appinvite_service": {
          "other_platform_oauth_client": [
            {
              "client_id": "550963350988-fh0qeeq54lbvvnemgh055jne1u8aps42.apps.googleusercontent.com",
              "client_type": 3
            }
          ]
        }
      }
    }
  ],
  "configuration_version": "1"
}